<?xml version="1.0" encoding="UTF-8"?>
<beans xmlns="http://www.springframework.org/schema/beans"
	xmlns:xsi="http://www.w3.org/2001/XMLSchema-instance"
	xmlns:tx="http://www.springframework.org/schema/tx"
	xmlns:aop="http://www.springframework.org/schema/aop"
	xsi:schemaLocation="http://www.springframework.org/schema/beans https://www.springframework.org/schema/beans/spring-beans.xsd
		http://www.springframework.org/schema/aop http://www.springframework.org/schema/aop/spring-aop-4.0.xsd
		http://www.springframework.org/schema/tx http://www.springframework.org/schema/tx/spring-tx-4.0.xsd">

		<!-- Root Context: defines shared resources visible to all other web components -->
		<bean
			class="org.springframework.beans.factory.config.PropertyPlaceholderConfigurer">
			<property name="locations">
				<list>
					<value>classpath:db.properties</value>
				</list>
			</property>
		</bean>

		<bean id="dataSource"
			class="org.apache.commons.dbcp.BasicDataSource">
			<property name="driverClassName" value="${driver}" />
			<property name="url" value="${url}" />
			<property name="username" value="${user}" />
			<property name="password" value="${pw}" />
			<property name="defaultAutoCommit" value="true" />
		</bean>

		<bean id="sqlSessionFactoryBean"
			class="org.mybatis.spring.SqlSessionFactoryBean">
			<property name="dataSource" ref="dataSource" />
			<property name="configLocation"
				value="/WEB-INF/sqls/Configuration.xml"></property>
		</bean>

		<bean id="sqlSessionTemplate"
			class="org.mybatis.spring.SqlSessionTemplate">
			<constructor-arg index="0"
				ref="sqlSessionFactoryBean"></constructor-arg>
		</bean>

		<bean id="transactionManager"
			class="org.springframework.jdbc.datasource.DataSourceTransactionManager">
			<property name="dataSource" ref="dataSource" />
		</bean>

		<tx:advice id="txAdice"
			transaction-manager="transactionManager">
			<tx:attributes>
				<tx:method name="*" rollback-for="Exception"
					propagation="REQUIRED" />
			</tx:attributes>
		</tx:advice>

		<aop:config>
			<aop:advisor
				pointcut="execution(* com.min.app.model.*.*Service*.*(..))"
				advice-ref="txAdice" />
		</aop:config>


		<!-- 메일 보내기 설정 -->
		<bean id="javaMailSender"
			class="org.springframework.mail.javamail.JavaMailSenderImpl">
			<property name="host" value="smtp.gmail.com" />	<!-- 발신메일 -->
			<property name="port" value="587" />
			<property name="username" value="nawa.cp2020@gmail.com" />
			<property name="password" value="uvwylzcxujrypdrb" />

			<!-- mail을 보내기 위한 property -->
			<property name="javaMailProperties">
				<props>
					<prop key="mail.debug">true</prop>
					<prop key="mail.smtp.auth">true</prop>
					<prop key="mail.transport.protocol">smtp</prop>	<!-- smtp : send message transfer protocol -->
					<prop key="mail.smtp.starttls.enable">true</prop>
				</props>
			</property>
		</bean>

</beans>
